iso3,country,region,subregion,capital,lat,lon,population_x,population_y,population_year,gdp_usd,gdp_usd_year,gdp_per_capita_usd,gdp_per_capita_usd_year,life_expectancy,life_expectancy_year,as_of_utc
ATG,Antigua and Barbuda,Americas,Caribbean,Saint John's,17.05,-61.8,103603,93772.0,2024,2224814814.81481,2024,23725.7903725506,2024,77.598,2023,2025-12-15T18:36:51+00:00
BTN,Bhutan,Asia,Southern Asia,Thimphu,27.5,90.5,784043,791524.0,2024,3019253885.46989,2023,3839.4093039286,2023,72.975,2023,2025-12-15T18:36:51+00:00
ITA,Italy,Europe,Southern Europe,Rome,42.83333333,12.83333333,58927633,58986023.0,2024,2372774547793.12,2024,40226.0472416173,2024,83.7,2023,2025-12-15T18:36:51+00:00
TUV,Tuvalu,Oceania,Polynesia,Funafuti,-8.0,178.0,10643,9646.0,2024,62280311.5852172,2023,6344.7750188689,2023,67.105,2023,2025-12-15T18:36:51+00:00
AIA,Anguilla,Americas,Caribbean,The Valley,18.25,-63.16666666,16010,,,,,,,,,2025-12-15T18:36:51+00:00
AUS,Australia,Oceania,Australia and New Zealand,Canberra,-27.0,133.0,27536874,27204809.0,2024,1752193307380.34,2024,64407.484256932,2024,83.0512195121951,2023,2025-12-15T18:36:51+00:00
BLZ,Belize,Americas,Central America,Belmopan,17.25,-88.75,417634,417072.0,2024,3515783328.91079,2024,8429.67959707387,2024,73.566,2023,2025-12-15T18:36:51+00:00
VUT,Vanuatu,Oceania,Melanesia,Port Vila,-16.0,167.0,321409,327777.0,2024,1161251868.03498,2024,3542.81071592874,2024,71.477,2023,2025-12-15T18:36:51+00:00
BLR,Belarus,Europe,Eastern Europe,Minsk,53.0,28.0,9109280,9133712.0,2024,75961865471.9129,2024,8316.64776291533,2024,74.1837804878049,2023,2025-12-15T18:36:51+00:00
MUS,Mauritius,Africa,Eastern Africa,Port Louis,-20.28333333,57.55,1243741,1259509.0,2024,14952555414.8553,2024,11871.733679438,2024,73.4121951219512,2023,2025-12-15T18:36:51+00:00
LAO,Laos,Asia,South-Eastern Asia,Vientiane,18.0,105.0,7647000,7769819.0,2024,16502933121.0806,2024,2123.97909411797,2024,68.964,2023,2025-12-15T18:36:51+00:00
SEN,Senegal,Africa,Western Africa,Dakar,14.0,-14.0,18593258,18501984.0,2024,32267254425.052,2024,1743.98888384359,2024,68.683,2023,2025-12-15T18:36:51+00:00
TUR,Turkey,Asia,Western Asia,Ankara,39.0,35.0,85664944,85518661.0,2024,1323254808058.74,2024,15473.2872636856,2024,77.156,2023,2025-12-15T18:36:51+00:00
BOL,Bolivia,Americas,South America,Sucre,-17.0,-65.0,11365333,12413315.0,2024,49668296743.8495,2024,4001.21133990795,2024,68.581,2023,2025-12-15T18:36:51+00:00
LKA,Sri Lanka,Asia,Southern Asia,Sri Jayawardenepura Kotte,7.0,81.0,21763170,21916000.0,2024,98963185509.6499,2024,4515.56787322732,2024,77.483,2023,2025-12-15T18:36:51+00:00
NFK,Norfolk Island,Oceania,Australia and New Zealand,Kingston,-29.03333333,167.95,2188,,,,,,,,,2025-12-15T18:36:51+00:00
CHN,China,Asia,Eastern Asia,Beijing,35.0,105.0,1408280000,1408975000.0,2024,18743803170827.2,2024,13303.1481543868,2024,77.953,2023,2025-12-15T18:36:51+00:00
BES,Caribbean Netherlands,Americas,Caribbean,Kralendijk,12.18,-68.25,31980,,,,,,,,,2025-12-15T18:36:51+00:00
GGY,Guernsey,Europe,Northern Europe,St. Peter Port,49.46666666,-2.58333333,64781,,,,,,,,,2025-12-15T18:36:51+00:00
SDN,Sudan,Africa,Northern Africa,Khartoum,15.0,30.0,51662000,50448963.0,2024,49909807029.6996,2024,989.312866210938,2024,66.331,2023,2025-12-15T18:36:51+00:00
MYT,Mayotte,Africa,Eastern Africa,Mamoudzou,-12.83333333,45.16666666,320901,,,,,,,,,2025-12-15T18:36:51+00:00
BLM,Saint Barthélemy,Americas,Caribbean,Gustavia,18.5,-63.41666666,10562,,,,,,,,,2025-12-15T18:36:51+00:00
VAT,Vatican City,Europe,Southern Europe,Vatican City,41.9,12.45,882,,,,,,,,,2025-12-15T18:36:51+00:00
TCA,Turks and Caicos Islands,Americas,Caribbean,Cockburn Town,21.75,-71.58333333,50828,46535.0,2024,1745378000.0,2024,37506.7798431288,2024,78.008,2023,2025-12-15T18:36:51+00:00
CUW,Curaçao,Americas,Caribbean,Willemstad,12.116667,-68.933333,156115,155900.0,2024,3281419347.37053,2023,21061.741639092,2023,76.8,2023,2025-12-15T18:36:51+00:00
BWA,Botswana,Africa,Southern Africa,Gaborone,-22.0,24.0,2359609,2521139.0,2024,19400774882.4495,2024,7695.2420641819,2024,69.163,2023,2025-12-15T18:36:51+00:00
BEN,Benin,Africa,Western Africa,Porto-Novo,9.5,2.25,13224860,14462724.0,2024,21482643720.2743,2024,1485.38018980894,2024,60.774,2023,2025-12-15T18:36:51+00:00
LTU,Lithuania,Europe,Northern Europe,Vilnius,56.0,24.0,2894886,2888055.0,2024,84869215513.3648,2024,29386.2878350187,2024,76.9878048780488,2023,2025-12-15T18:36:51+00:00
MSR,Montserrat,Americas,Caribbean,Plymouth,16.75,-62.2,4386,,,,,,,,,2025-12-15T18:36:51+00:00
VGB,British Virgin Islands,Americas,Caribbean,Road Town,18.431383,-64.62305,39471,39471.0,2024,,,,,77.276,2023,2025-12-15T18:36:51+00:00
BDI,Burundi,Africa,Eastern Africa,Gitega,-3.5,30.0,12332788,14047786.0,2024,2162378759.3467,2024,153.930217854023,2024,63.651,2023,2025-12-15T18:36:51+00:00
UMI,United States Minor Outlying Islands,Americas,North America,Washington DC,19.3,166.633333,0,,,,,,,,,2025-12-15T18:36:51+00:00
IRL,Ireland,Europe,Northern Europe,Dublin,53.0,-8.0,5458600,5380257.0,2024,577389475009.922,2024,107316.337306921,2024,82.8609756097561,2023,2025-12-15T18:36:51+00:00
SLB,Solomon Islands,Oceania,Melanesia,Honiara,-8.0,159.0,750325,819198.0,2024,1760767447.17461,2024,2149.37957267304,2024,70.528,2023,2025-12-15T18:36:51+00:00
BMU,Bermuda,Americas,North America,Hamilton,32.33333333,-64.75,64055,64636.0,2024,8980200000.0,2024,138934.958846463,2024,82.309,2023,2025-12-15T18:36:51+00:00
FIN,Finland,Europe,Northern Europe,Helsinki,64.0,26.0,5650325,5637214.0,2024,299835625550.781,2024,53188.6186245158,2024,81.6853658536585,2023,2025-12-15T18:36:51+00:00
PER,Peru,Americas,South America,Lima,-10.0,-76.0,34350244,34217848.0,2024,289221969059.853,2024,8452.37167047598,2024,77.74,2023,2025-12-15T18:36:51+00:00
BGD,Bangladesh,Asia,Southern Asia,Dhaka,24.0,90.0,169828911,173562364.0,2024,450119424622.389,2024,2593.41607390407,2024,74.672,2023,2025-12-15T18:36:51+00:00
DNK,Denmark,Europe,Northern Europe,Copenhagen,56.0,10.0,6011488,5976992.0,2024,429457372071.869,2024,71851.7562131368,2024,81.8536585365854,2023,2025-12-15T18:36:51+00:00
VCT,Saint Vincent and the Grenadines,Americas,Caribbean,Kingstown,13.25,-61.2,110872,100616.0,2024,1157207407.40741,2024,11501.2265187188,2024,71.23,2023,2025-12-15T18:36:51+00:00
DOM,Dominican Republic,Americas,Caribbean,Santo Domingo,19.0,-70.66666666,10771504,11427557.0,2024,124282245638.568,2024,10875.6618443092,2024,73.72,2023,2025-12-15T18:36:51+00:00
MDA,Moldova,Europe,Eastern Europe,Chișinău,47.0,29.0,2749076,2389275.0,2024,18200340853.6517,2024,7617.51613089815,2024,71.198,2023,2025-12-15T18:36:51+00:00
BGR,Bulgaria,Europe,Southeast Europe,Sofia,43.0,25.0,6437360,6444366.0,2024,112211952703.831,2024,17412.4115085691,2024,75.7073170731707,2023,2025-12-15T18:36:51+00:00
CRI,Costa Rica,Americas,Central America,San José,10.0,-84.0,5309625,5129910.0,2024,95350423176.664,2024,18587.1532203614,2024,80.799,2023,2025-12-15T18:36:51+00:00
NAM,Namibia,Africa,Southern Africa,Windhoek,-22.0,17.0,3022401,3030131.0,2024,13372354268.5446,2024,4413.1274418646,2024,67.385,2023,2025-12-15T18:36:51+00:00
SJM,Svalbard and Jan Mayen,Europe,Northern Europe,Longyearbyen,78.0,20.0,2530,,,,,,,,,2025-12-15T18:36:51+00:00
LUX,Luxembourg,Europe,Western Europe,Luxembourg,49.75,6.16666666,681973,677717.0,2024,93197329011.7078,2024,137516.587324367,2024,83.3585365853659,2023,2025-12-15T18:36:51+00:00
RUS,Russia,Europe,Eastern Europe,Moscow,60.0,100.0,146028325,143533851.0,2024,2173835806671.66,2024,14889.0185546875,2024,73.2546341463415,2023,2025-12-15T18:36:51+00:00
ARE,United Arab Emirates,Asia,Western Asia,Abu Dhabi,24.0,54.0,11294243,10876981.0,2024,537078829135.466,2024,49377.5643384379,2024,82.909,2023,2025-12-15T18:36:51+00:00
SXM,Sint Maarten,Americas,Caribbean,Philipsburg,18.033333,-63.05,41349,43350.0,2024,1735210227.92581,2024,40027.9175992113,2024,76.371,2023,2025-12-15T18:36:51+00:00
BHS,Bahamas,Americas,Caribbean,Nassau,25.0343,-77.3963,398165,401283.0,2024,15832800000.0,2024,39455.4466548546,2024,74.552,2023,2025-12-15T18:36:51+00:00
JPN,Japan,Asia,Eastern Asia,Tokyo,36.0,138.0,123210000,123975371.0,2024,4026210821146.81,2024,32475.8924992191,2024,84.0412195121951,2023,2025-12-15T18:36:51+00:00
NGA,Nigeria,Africa,Western Africa,Abuja,10.0,8.0,223800000,232679478.0,2024,187759703099.801,2024,806.945695055244,2024,54.462,2023,2025-12-15T18:36:51+00:00
GHA,Ghana,Africa,Western Africa,Accra,8.0,-2.0,33742380,34427414.0,2024,82825288888.9734,2024,2405.79466378083,2024,65.498,2023,2025-12-15T18:36:51+00:00
SLE,Sierra Leone,Africa,Western Africa,Freetown,8.5,-11.5,9077691,8642022.0,2024,7547843281.27425,2024,873.388575182318,2024,61.786,2023,2025-12-15T18:36:51+00:00
SPM,Saint Pierre and Miquelon,Americas,North America,Saint-Pierre,46.83333333,-56.33333333,5819,,,,,,,,,2025-12-15T18:36:51+00:00
ALB,Albania,Europe,Southeast Europe,Tirana,41.0,20.0,2363314,2714617.0,2024,27177735527.5667,2024,10011.6279856667,2024,79.602,2023,2025-12-15T18:36:51+00:00
TKL,Tokelau,Oceania,Polynesia,Fakaofo,-9.0,-172.0,2608,,,,,,,,,2025-12-15T18:36:51+00:00
SHN,"Saint Helena, Ascension and Tristan da Cunha",Africa,Western Africa,Jamestown,-15.95,-5.72,5651,,,,,,,,,2025-12-15T18:36:51+00:00
TON,Tonga,Oceania,Polynesia,Nuku'alofa,-20.0,-175.0,100179,104175.0,2024,508735107.033734,2023,4863.76384632192,2023,72.895,2023,2025-12-15T18:36:51+00:00
TKM,Turkmenistan,Asia,Central Asia,Ashgabat,40.0,60.0,7057841,7494498.0,2024,64239891739.3311,2024,8571.60702949432,2024,70.073,2023,2025-12-15T18:36:51+00:00
DJI,Djibouti,Africa,Eastern Africa,Djibouti,11.5,43.0,1066809,1168722.0,2024,4086402718.86834,2024,3496.47111876763,2024,65.987,2023,2025-12-15T18:36:51+00:00
CAF,Central African Republic,Africa,Middle Africa,Bangui,7.0,21.0,6470307,5330690.0,2024,2751544520.37918,2024,516.170424537757,2024,57.408,2023,2025-12-15T18:36:51+00:00
LBN,Lebanon,Asia,Western Asia,Beirut,33.83333333,35.83333333,5490000,5805962.0,2024,20078620356.9931,2023,3477.72489842684,2023,77.817,2023,2025-12-15T18:36:51+00:00
LVA,Latvia,Europe,Northern Europe,Riga,57.0,25.0,1829000,1862441.0,2024,43520773851.1219,2024,23367.5986788961,2024,75.6780487804878,2023,2025-12-15T18:36:51+00:00
CCK,Cocos (Keeling) Islands,Oceania,Australia and New Zealand,West Island,-12.1642,96.871,593,,,,,,,,,2025-12-15T18:36:51+00:00
GMB,Gambia,Africa,Western Africa,Banjul,13.46666666,-16.56666666,2422712,2759988.0,2024,2507519958.34857,2024,908.525674150965,2024,65.86,2023,2025-12-15T18:36:51+00:00
HND,Honduras,Americas,Central America,Tegucigalpa,15.0,-86.5,9892632,10825703.0,2024,37093565854.0437,2024,3426.43483328923,2024,72.884,2023,2025-12-15T18:36:51+00:00
NIU,Niue,Oceania,Polynesia,Alofi,-19.03333333,-169.86666666,1681,,,,,,,,,2025-12-15T18:36:51+00:00
MRT,Mauritania,Africa,Western Africa,Nouakchott,20.0,-12.0,4927532,5169395.0,2024,10766731873.5407,2024,2082.78374423714,2024,68.484,2023,2025-12-15T18:36:51+00:00
UNK,Kosovo,Europe,Southeast Europe,Pristina,42.666667,21.166667,1585566,,,,,,,,,2025-12-15T18:36:51+00:00
WLF,Wallis and Futuna,Oceania,Polynesia,Mata-Utu,-13.3,-176.2,11620,,,,,,,,,2025-12-15T18:36:51+00:00
SGS,South Georgia,Antarctic,,King Edward Point,-54.5,-37.0,0,,,,,,,,,2025-12-15T18:36:51+00:00
PYF,French Polynesia,Oceania,Polynesia,Papeetē,-17.6797,-149.4068,279500,281807.0,2024,6402221222.32749,2023,22774.1418988734,2023,84.07,2023,2025-12-15T18:36:51+00:00
TGO,Togo,Africa,Western Africa,Lomé,8.0,1.16666666,8095498,9515236.0,2024,9925732119.72034,2024,1043.14092889765,2024,62.739,2023,2025-12-15T18:36:51+00:00
BEL,Belgium,Europe,Western Europe,Brussels,50.83333333,4.0,11825551,11876844.0,2024,664564181486.953,2024,55954.6106261018,2024,82.3975609756098,2023,2025-12-15T18:36:51+00:00
ZMB,Zambia,Africa,Eastern Africa,Lusaka,-15.0,30.0,19693423,21314956.0,2024,26325775287.0226,2024,1235.08466482514,2024,66.349,2023,2025-12-15T18:36:51+00:00
CYM,Cayman Islands,Americas,Caribbean,George Town,19.3133,-81.2546,84738,74457.0,2024,7139428557.71423,2023,97749.5078960846,2023,80.358,2023,2025-12-15T18:36:51+00:00
PCN,Pitcairn Islands,Oceania,Polynesia,Adamstown,-25.06666666,-130.1,35,,,,,,,,,2025-12-15T18:36:51+00:00
COK,Cook Islands,Oceania,Polynesia,Avarua,-21.23333333,-159.76666666,15040,,,,,,,,,2025-12-15T18:36:51+00:00
MDG,Madagascar,Africa,Eastern Africa,Antananarivo,-20.0,47.0,31727042,31964956.0,2024,17420814800.7045,2024,544.997302693127,2024,63.632,2023,2025-12-15T18:36:51+00:00
MNE,Montenegro,Europe,Southeast Europe,Podgorica,42.5,19.3,623327,623831.0,2024,8069536125.80285,2024,12935.4522712126,2024,77.5878048780488,2023,2025-12-15T18:36:51+00:00
KOR,South Korea,Asia,Eastern Asia,Seoul,37.0,127.5,51159889,51751065.0,2024,1712792854202.37,2023,33121.3712885508,2023,83.4292682926829,2023,2025-12-15T18:36:51+00:00
ETH,Ethiopia,Africa,Eastern Africa,Addis Ababa,8.0,38.0,111652998,132059767.0,2024,126772707851.339,2022,1011.07332413462,2022,67.315,2023,2025-12-15T18:36:51+00:00
MNG,Mongolia,Asia,Eastern Asia,Ulan Bator,46.0,105.0,3544835,3524788.0,2024,23586055802.4517,2024,6691.48209834228,2024,72.1224390243902,2023,2025-12-15T18:36:51+00:00
SVK,Slovakia,Europe,Central Europe,Bratislava,48.66666666,19.5,5413813,5422069.0,2024,141775733420.114,2024,26147.9028430133,2024,78.0170731707317,2023,2025-12-15T18:36:51+00:00
CUB,Cuba,Americas,Caribbean,Havana,21.5,-80.0,9748007,10979783.0,2024,107351800000.0,2020,9605.26125067263,2020,78.085,2023,2025-12-15T18:36:51+00:00
ATA,Antarctica,Antarctic,,,-90.0,0.0,1300,,,,,,,,,2025-12-15T18:36:51+00:00
GTM,Guatemala,Americas,Central America,Guatemala City,15.5,-90.25,18079810,18406359.0,2024,113199586004.477,2024,6150.02597767851,2024,72.602,2023,2025-12-15T18:36:51+00:00
GUF,French Guiana,Americas,South America,Cayenne,4.0,-53.0,292354,,,,,,,,,2025-12-15T18:36:51+00:00
NOR,Norway,Europe,Northern Europe,Oslo,62.0,10.0,5606944,5572272.0,2024,483727398216.364,2024,86809.7246897431,2024,83.1121951219512,2023,2025-12-15T18:36:51+00:00
GRD,Grenada,Americas,Caribbean,St. George's,12.11666666,-61.66666666,109021,117207.0,2024,1391435992.59259,2024,11871.6117006031,2024,75.205,2023,2025-12-15T18:36:51+00:00
REU,Réunion,Africa,Eastern Africa,Saint-Denis,-21.15,55.5,896175,,,,,,,,,2025-12-15T18:36:51+00:00
CHL,Chile,Americas,South America,Santiago,-30.0,-71.0,20206953,19764771.0,2024,330267137371.592,2024,16709.8893972307,2024,81.167,2023,2025-12-15T18:36:51+00:00
COL,Colombia,Americas,South America,Bogotá,4.0,-72.0,53057212,52886363.0,2024,418542042920.189,2024,7913.98801464547,2024,77.725,2023,2025-12-15T18:36:51+00:00
SAU,Saudi Arabia,Asia,Western Asia,Riyadh,25.0,45.0,35300280,35300280.0,2024,1237529866666.67,2024,35057.2252306969,2024,78.732,2023,2025-12-15T18:36:51+00:00
ISR,Israel,Asia,Western Asia,Jerusalem,31.47,35.13,10134800,9974400.0,2024,540379921261.681,2024,54176.6844383302,2024,83.1951219512195,2023,2025-12-15T18:36:51+00:00
DEU,Germany,Europe,Western Europe,Berlin,51.0,9.0,83491249,83510950.0,2024,4659929336890.62,2024,55800.2194549412,2024,80.5414634146342,2023,2025-12-15T18:36:51+00:00
NZL,New Zealand,Oceania,Australia and New Zealand,Wellington,-41.0,174.0,5324700,5338500.0,2024,260235932558.996,2024,48747.0136853042,2024,83.0048780487805,2023,2025-12-15T18:36:51+00:00
GRL,Greenland,Americas,North America,Nuuk,72.0,-40.0,56542,56836.0,2024,3326544174.37945,2023,58498.9743142433,2023,71.549756097561,2023,2025-12-15T18:36:51+00:00
KGZ,Kyrgyzstan,Asia,Central Asia,Bishkek,41.0,75.0,7281800,7224614.0,2024,17478259659.2625,2024,2419.26553574523,2024,72.2487804878049,2023,2025-12-15T18:36:51+00:00
SLV,El Salvador,Americas,Central America,San Salvador,13.83333333,-88.91666666,6029976,6338193.0,2024,35364960000.0,2024,5579.65969165029,2024,72.099,2023,2025-12-15T18:36:51+00:00
FRO,Faroe Islands,Europe,Northern Europe,Tórshavn,62.0,-7.0,54885,54719.0,2024,3907323961.33964,2023,71774.3522353393,2023,83.1439024390244,2023,2025-12-15T18:36:51+00:00
PLW,Palau,Oceania,Micronesia,Ngerulmud,7.5,134.5,16733,17695.0,2024,281849100.0,2023,15899.4246065324,2023,69.269,2023,2025-12-15T18:36:51+00:00
MLT,Malta,Europe,Southern Europe,Valletta,35.9375,14.3754,574250,574346.0,2024,24322006607.9295,2024,42347.3073860173,2024,83.5073170731707,2023,2025-12-15T18:36:51+00:00
SYR,Syria,Asia,Western Asia,Damascus,35.0,38.0,25620000,24672760.0,2024,19993439949.5435,2023,847.372723418531,2023,72.12,2023,2025-12-15T18:36:51+00:00
TLS,Timor-Leste,Asia,South-Eastern Asia,Dili,-8.83333333,125.91666666,1391221,1400638.0,2024,1881265333.4187,2024,1343.14886031844,2024,67.689,2023,2025-12-15T18:36:51+00:00
HRV,Croatia,Europe,Southeast Europe,Zagreb,45.16666666,15.5,3866233,3866300.0,2024,92526176108.621,2024,23931.4528382746,2024,78.4731707317073,2023,2025-12-15T18:36:51+00:00
PNG,Papua New Guinea,Oceania,Melanesia,Port Moresby,-6.0,147.0,11781559,10576502.0,2024,32538480023.9998,2024,3076.48786186584,2024,66.134,2023,2025-12-15T18:36:51+00:00
NLD,Netherlands,Europe,Western Europe,Amsterdam,52.5,5.75,18100436,17994237.0,2024,1227543925316.41,2024,68218.7261019406,2024,81.9146341463415,2023,2025-12-15T18:36:51+00:00
LBR,Liberia,Africa,Western Africa,Monrovia,6.5,-9.5,5248621,5612817.0,2024,4750000000.0,2024,846.277368387389,2024,62.163,2023,2025-12-15T18:36:51+00:00
SOM,Somalia,Africa,Eastern Africa,Mogadishu,10.0,49.0,19655000,19009151.0,2024,12108515109.9996,2024,636.983477589273,2024,58.816,2023,2025-12-15T18:36:51+00:00
VEN,Venezuela,Americas,South America,Caracas,8.0,-66.0,28517000,28405543.0,2024,482359318767.703,2014,15943.6127197163,2014,72.514,2023,2025-12-15T18:36:51+00:00
HTI,Haiti,Americas,Caribbean,Port-au-Prince,19.0,-72.41666666,11867032,11772557.0,2024,25224154990.7946,2024,2142.62330526788,2024,64.936,2023,2025-12-15T18:36:51+00:00
DZA,Algeria,Africa,Northern Africa,Algiers,28.0,3.0,47400000,46814308.0,2024,263619794506.723,2024,5631.17999109851,2024,76.261,2023,2025-12-15T18:36:51+00:00
MNP,Northern Mariana Islands,Oceania,Micronesia,Saipan,15.2,145.75,47329,44278.0,2024,1096000000.0,2022,23785.754590043,2022,78.808,2023,2025-12-15T18:36:51+00:00
MAF,Saint Martin,Americas,Caribbean,Marigot,18.0708,-63.0501,31496,26129.0,2024,649206156.194207,2021,21668.3740927942,2021,80.224,2023,2025-12-15T18:36:51+00:00
HMD,Heard Island and McDonald Islands,Antarctic,,,-53.0818,73.5042,0,,,,,,,,,2025-12-15T18:36:51+00:00
ABW,Aruba,Americas,Caribbean,Oranjestad,12.5,-69.96666666,107566,107624.0,2024,3648573136.15155,2023,33984.7906198041,2023,76.353,2023,2025-12-15T18:36:51+00:00
EGY,Egypt,Africa,Northern Africa,Cairo,27.0,30.0,107271260,116538258.0,2024,389059911003.566,2024,3338.47371395895,2024,71.633,2023,2025-12-15T18:36:51+00:00
MWI,Malawi,Africa,Eastern Africa,Lilongwe,-13.5,34.0,20734262,21655286.0,2024,11008925322.5134,2024,508.371273531708,2024,67.353,2023,2025-12-15T18:36:51+00:00
GNQ,Equatorial Guinea,Africa,Middle Africa,Malabo,2.0,10.0,1668768,1892516.0,2024,12765777677.0622,2024,6745.40013244916,2024,63.707,2023,2025-12-15T18:36:51+00:00
VIR,United States Virgin Islands,Americas,Caribbean,Charlotte Amalie,18.35,-64.933333,87146,104377.0,2024,4672000000.0,2022,44320.909185774,2022,80.519512195122,2023,2025-12-15T18:36:51+00:00
ECU,Ecuador,Americas,South America,Quito,-2.0,-77.5,18103660,18135478.0,2024,124676074700.0,2024,6874.705739766,2024,77.392,2023,2025-12-15T18:36:51+00:00
UZB,Uzbekistan,Asia,Central Asia,Tashkent,41.0,64.0,37859698,36361859.0,2024,114965293466.611,2024,3161.70010632875,2024,72.388,2023,2025-12-15T18:36:51+00:00
GAB,Gabon,Africa,Middle Africa,Libreville,-1.0,11.75,2469296,2538952.0,2024,20867044935.6729,2024,8218.76307061848,2024,68.337,2023,2025-12-15T18:36:51+00:00
SSD,South Sudan,Africa,Middle Africa,Juba,7.0,30.0,15786898,11943408.0,2024,11997800760.2242,2015,1080.14718624765,2015,57.617,2023,2025-12-15T18:36:51+00:00
IRN,Iran,Asia,Southern Asia,Tehran,32.0,53.0,85961000,91567738.0,2024,436906331671.859,2024,4771.40029026226,2024,77.654,2023,2025-12-15T18:36:51+00:00
KAZ,Kazakhstan,Asia,Central Asia,Astana,48.0196,66.9237,20426568,20592571.0,2024,288406138230.669,2024,14005.3487362345,2024,74.402,2023,2025-12-15T18:36:51+00:00
NIC,Nicaragua,Americas,Central America,Managua,13.0,-85.0,6803886,6916140.0,2024,19693982967.5926,2024,2847.53966339498,2024,74.947,2023,2025-12-15T18:36:51+00:00
ISL,Iceland,Europe,Northern Europe,Reykjavik,65.0,-18.0,391810,404610.0,2024,33462807982.85,2024,82703.8579937471,2024,82.6073170731707,2023,2025-12-15T18:36:51+00:00
SVN,Slovenia,Europe,Central Europe,Ljubljana,46.11666666,14.81666666,2130638,2126324.0,2024,72485008929.2766,2024,34089.3527652778,2024,81.9780487804878,2023,2025-12-15T18:36:51+00:00
GLP,Guadeloupe,Americas,Caribbean,Basse-Terre,16.25,-61.583333,378561,,,,,,,,,2025-12-15T18:36:51+00:00
CMR,Cameroon,Africa,Middle Africa,Yaoundé,6.0,12.0,29442327,29123744.0,2024,51326764684.8595,2024,1762.3683508844,2024,63.7,2023,2025-12-15T18:36:51+00:00
ARG,Argentina,Americas,South America,Buenos Aires,-34.0,-64.0,46735004,45696159.0,2024,633266692533.689,2024,13858.2039802008,2024,77.395,2023,2025-12-15T18:36:51+00:00
AZE,Azerbaijan,Asia,Western Asia,Baku,40.5,47.5,10241722,10202850.0,2024,74315882352.9412,2024,7283.83562954872,2024,74.429,2023,2025-12-15T18:36:51+00:00
UGA,Uganda,Africa,Eastern Africa,Kampala,1.0,32.0,45905417,50015092.0,2024,53651874313.9836,2024,1072.71369837695,2024,68.252,2023,2025-12-15T18:36:51+00:00
NER,Niger,Africa,Western Africa,Niamey,16.0,8.0,26312034,27032412.0,2024,19537639288.0633,2024,722.748650326257,2024,61.183,2023,2025-12-15T18:36:51+00:00
CXR,Christmas Island,Oceania,Australia and New Zealand,Flying Fish Cove,-10.5,105.66666666,1692,,,,,,,,,2025-12-15T18:36:51+00:00
MMR,Myanmar,Asia,South-Eastern Asia,Naypyidaw,22.0,98.0,51316756,54500091.0,2024,74079772652.4286,2024,1359.25961394135,2024,66.889,2023,2025-12-15T18:36:51+00:00
POL,Poland,Europe,Central Europe,Warsaw,52.0,20.0,37392000,36554707.0,2024,914696430325.391,2024,25022.6716445953,2024,78.5073170731707,2023,2025-12-15T18:36:51+00:00
JOR,Jordan,Asia,Western Asia,Amman,31.0,36.0,11734000,11552876.0,2024,53352289577.4648,2024,4618.09592498567,2024,77.814,2023,2025-12-15T18:36:51+00:00
HKG,Hong Kong,Asia,Eastern Asia,City of Victoria,22.267,114.188,7527500,7524100.0,2024,407106738445.069,2024,54107.034521746,2024,85.2473170731707,2023,2025-12-15T18:36:51+00:00
COD,DR Congo,Africa,Middle Africa,Kinshasa,0.0,25.0,112832000,109276265.0,2024,70749355652.1207,2024,647.435704836002,2024,61.895,2023,2025-12-15T18:36:51+00:00
ERI,Eritrea,Africa,Eastern Africa,Asmara,15.0,39.0,3607000,3535603.0,2024,2065001626.01626,2011,688.68165957684,2011,68.624,2023,2025-12-15T18:36:51+00:00
KIR,Kiribati,Oceania,Micronesia,South Tarawa,1.41666666,173.0,120740,134518.0,2024,307862546.789627,2024,2288.63458265531,2024,66.473,2023,2025-12-15T18:36:51+00:00
MHL,Marshall Islands,Oceania,Micronesia,Majuro,9.0,168.0,42418,37548.0,2024,280357844.229802,2024,7466.65186507409,2024,66.945,2023,2025-12-15T18:36:51+00:00
BFA,Burkina Faso,Africa,Western Africa,Ouagadougou,13.0,-2.0,24070553,23548781.0,2024,23250214909.5391,2024,987.321378101867,2024,61.092,2023,2025-12-15T18:36:51+00:00
ZWE,Zimbabwe,Africa,Southern Africa,Harare,-20.0,30.0,17073087,16634373.0,2024,44187704410.1191,2024,2656.40937654332,2024,62.775,2023,2025-12-15T18:36:51+00:00
KEN,Kenya,Africa,Eastern Africa,Nairobi,1.0,38.0,53330978,56432944.0,2024,124498691699.125,2024,2206.1349785176,2024,63.646,2023,2025-12-15T18:36:51+00:00
COM,Comoros,Africa,Eastern Africa,Moroni,-12.16666666,44.25,919901,866628.0,2024,1546164420.32442,2024,1784.11546860293,2024,66.777,2023,2025-12-15T18:36:51+00:00
GIB,Gibraltar,Europe,Southern Europe,Gibraltar,36.13333333,-5.35,38000,39329.0,2024,,,,,83.553,2023,2025-12-15T18:36:51+00:00
BRN,Brunei,Asia,South-Eastern Asia,Bandar Seri Begawan,4.5,114.66666666,455500,462721.0,2024,15463134387.2013,2024,33417.8357740437,2024,75.327,2023,2025-12-15T18:36:51+00:00
SWE,Sweden,Europe,Northern Europe,Stockholm,62.0,15.0,10605098,10569709.0,2024,610117791237.089,2024,57723.2345031532,2024,83.309756097561,2023,2025-12-15T18:36:51+00:00
LSO,Lesotho,Africa,Southern Africa,Maseru,-29.5,28.5,2116427,2337423.0,2024,2271541845.62002,2024,971.814620468788,2024,57.375,2023,2025-12-15T18:36:51+00:00
IMN,Isle of Man,Europe,Northern Europe,Douglas,54.25,-4.5,84530,84160.0,2024,7431257410.92713,2022,88328.548125887,2022,80.999,2023,2025-12-15T18:36:51+00:00
FSM,Micronesia,Oceania,Micronesia,Palikir,6.91666666,158.25,105564,113160.0,2024,471425099.488675,2024,4166.00476748564,2024,67.198,2023,2025-12-15T18:36:51+00:00
TZA,Tanzania,Africa,Eastern Africa,Dodoma,-6.0,35.0,68153004,68560157.0,2024,78779864877.3018,2024,1185.74548339844,2024,66.995,2023,2025-12-15T18:36:51+00:00
CPV,Cape Verde,Africa,Western Africa,Praia,16.5388,-23.0418,491233,524877.0,2024,2767599017.44874,2024,5272.85253011419,2024,76.059,2023,2025-12-15T18:36:51+00:00
AFG,Afghanistan,Asia,Southern Asia,Kabul,33.0,65.0,43844000,42647492.0,2024,17152234636.8715,2023,413.757894705303,2023,66.035,2023,2025-12-15T18:36:51+00:00
AND,Andorra,Europe,Southern Europe,Andorra la Vella,42.5,1.5,88406,81938.0,2024,4039844390.22543,2024,49303.6733899464,2024,84.041,2023,2025-12-15T18:36:51+00:00
GRC,Greece,Europe,Southern Europe,Athens,39.0,22.0,10400720,10388805.0,2024,257144811301.673,2024,24752.1068401681,2024,81.5365853658537,2023,2025-12-15T18:36:51+00:00
VNM,Vietnam,Asia,South-Eastern Asia,Hanoi,16.16666666,107.83333333,101343800,100987686.0,2024,476388230307.175,2024,4717.29028732449,2024,74.588,2023,2025-12-15T18:36:51+00:00
ATF,French Southern and Antarctic Lands,Antarctic,,Port-aux-Français,-49.25,69.167,400,,,,,,,,,2025-12-15T18:36:51+00:00
IRQ,Iraq,Asia,Western Asia,Baghdad,33.0,44.0,46118793,46042015.0,2024,279641257615.385,2024,6073.61032342708,2024,72.324,2023,2025-12-15T18:36:51+00:00
LBY,Libya,Africa,Northern Africa,Tripoli,25.0,17.0,7459000,7381023.0,2024,46636278901.9016,2024,6318.40314031017,2024,69.339,2023,2025-12-15T18:36:51+00:00
PRT,Portugal,Europe,Southern Europe,Lisbon,39.5,-8.0,10749635,10701636.0,2024,308683317392.68,2024,28844.4979246799,2024,82.2804878048781,2023,2025-12-15T18:36:51+00:00
PAK,Pakistan,Asia,Southern Asia,Islamabad,30.0,70.0,241499431,251269164.0,2024,373071855731.539,2024,1484.74985864775,2024,67.649,2023,2025-12-15T18:36:51+00:00
MDV,Maldives,Asia,Southern Asia,Malé,3.25,73.0,515132,527799.0,2024,6975146349.42592,2024,13215.5353637008,2024,81.041,2023,2025-12-15T18:36:51+00:00
MAR,Morocco,Africa,Northern Africa,Rabat,32.0,-5.0,36828330,38081173.0,2024,154430996472.752,2024,3993.38745117188,2024,75.313,2023,2025-12-15T18:36:51+00:00
BIH,Bosnia and Herzegovina,Europe,Southeast Europe,Sarajevo,44.0,18.0,3422000,3164253.0,2024,28343394203.4694,2024,8957.37294188215,2024,77.85,2023,2025-12-15T18:36:51+00:00
WSM,Samoa,Oceania,Polynesia,Apia,-13.58333333,-172.33333333,205557,218019.0,2024,1068025243.63929,2024,4898.77140817676,2024,71.698,2023,2025-12-15T18:36:51+00:00
PSE,Palestine,Asia,Western Asia,Ramallah,31.9,35.2,5483450,5289152.0,2024,13711100000.0,2024,2592.30591217647,2024,65.17,2023,2025-12-15T18:36:51+00:00
OMN,Oman,Asia,Western Asia,Muscat,21.0,57.0,5343630,5281538.0,2024,106942782834.85,2024,20248.4168124608,2024,80.031,2023,2025-12-15T18:36:51+00:00
BHR,Bahrain,Asia,Western Asia,Manama,26.0,50.55,1594654,1588670.0,2024,47736702127.6596,2024,30048.2177718844,2024,81.284,2023,2025-12-15T18:36:51+00:00
USA,United States,Americas,North America,"Washington, D.C.",38.0,-97.0,340110988,340110988.0,2024,29184890000000.0,2024,85809.9003846356,2024,78.3853658536585,2023,2025-12-15T18:36:51+00:00
PRI,Puerto Rico,Americas,Caribbean,San Juan,18.25,-66.5,3203295,3203295.0,2024,125841500000.0,2024,39285.0174585856,2024,81.69,2023,2025-12-15T18:36:51+00:00
IOT,British Indian Ocean Territory,Africa,Eastern Africa,Diego Garcia,-6.0,71.5,0,,,,,,,,,2025-12-15T18:36:51+00:00
JEY,Jersey,Europe,Northern Europe,Saint Helier,49.25,-2.16666666,103267,,,,,,,,,2025-12-15T18:36:51+00:00
MKD,North Macedonia,Europe,Southeast Europe,Skopje,41.83333333,22.0,1822612,1792179.0,2024,16685236492.0675,2024,9310.02790015256,2024,75.3160975609756,2023,2025-12-15T18:36:51+00:00
TUN,Tunisia,Africa,Northern Africa,Tunis,34.0,9.0,11972169,12277109.0,2024,53409988744.5968,2024,4350.3717971875,2024,76.508,2023,2025-12-15T18:36:51+00:00
TTO,Trinidad and Tobago,Americas,Caribbean,Port of Spain,10.6918,-61.2225,1367764,1368333.0,2024,26428963758.1307,2024,19314.7163432664,2024,73.49,2023,2025-12-15T18:36:51+00:00
EST,Estonia,Europe,Northern Europe,Tallinn,59.0,26.0,1369995,1371986.0,2024,42764929169.3258,2024,31170.0915091887,2024,78.490243902439,2023,2025-12-15T18:36:51+00:00
SGP,Singapore,Asia,South-Eastern Asia,Singapore,1.36666666,103.8,6110200,6036860.0,2024,547386645891.847,2024,90674.066632628,2024,82.8951219512195,2023,2025-12-15T18:36:51+00:00
PAN,Panama,Americas,Central America,Panama City,9.0,-80.0,4064780,4515577.0,2024,86260400000.0,2024,19102.8521936399,2024,79.594,2023,2025-12-15T18:36:51+00:00
CHE,Switzerland,Europe,Western Europe,Bern,47.0,8.0,9082848,9034102.0,2024,936564198048.516,2024,103669.872008144,2024,84.0560975609756,2023,2025-12-15T18:36:51+00:00
URY,Uruguay,Americas,South America,Montevideo,-33.0,-56.0,3499451,3386588.0,2024,80961511073.5797,2024,23906.5133029408,2024,78.138,2023,2025-12-15T18:36:51+00:00
TJK,Tajikistan,Asia,Central Asia,Dushanbe,39.0,71.0,10499000,10590927.0,2024,14204575548.5536,2024,1341.20229027672,2024,71.79,2023,2025-12-15T18:36:51+00:00
TWN,Taiwan,Asia,Eastern Asia,Taipei,23.5,121.0,23317031,,,,,,,,,2025-12-15T18:36:51+00:00
ZAF,South Africa,Africa,Southern Africa,Pretoria,-29.0,24.0,63100945,64007187.0,2024,400260724226.067,2024,6253.37158194543,2024,66.139,2023,2025-12-15T18:36:51+00:00
LIE,Liechtenstein,Europe,Western Europe,Vaduz,47.26666666,9.53333333,40900,40197.0,2024,8287748667.20832,2023,207973.617746758,2023,84.8414634146342,2023,2025-12-15T18:36:51+00:00
BRA,Brazil,Americas,South America,Brasília,-10.0,-55.0,213421037,211998573.0,2024,2179412080828.59,2024,10280.3148624429,2024,75.848,2023,2025-12-15T18:36:51+00:00
ARM,Armenia,Asia,Western Asia,Yerevan,40.0,45.0,3076200,3033500.0,2024,25786585949.6346,2024,8500.60522486719,2024,77.4658536585366,2023,2025-12-15T18:36:51+00:00
GEO,Georgia,Asia,Western Asia,Tbilisi,42.0,43.5,4000921,3673850.0,2024,33776141250.5716,2024,9193.66366361489,2024,74.496,2023,2025-12-15T18:36:51+00:00
ALA,Åland Islands,Europe,Northern Europe,Mariehamn,60.116667,19.9,30654,,,,,,,,,2025-12-15T18:36:51+00:00
QAT,Qatar,Asia,Western Asia,Doha,25.5,51.25,3173024,2857822.0,2024,217982967032.967,2024,76275.9076782833,2024,82.368,2023,2025-12-15T18:36:51+00:00
DMA,Dominica,Americas,Caribbean,Roseau,15.41666666,-61.33333333,67408,66205.0,2024,688881481.481481,2024,10405.2787777582,2024,71.132,2023,2025-12-15T18:36:51+00:00
UKR,Ukraine,Europe,Eastern Europe,Kyiv,49.0,32.0,32862000,37860221.0,2024,190741263731.535,2024,5389.47314453125,2024,73.422,2023,2025-12-15T18:36:51+00:00
GIN,Guinea,Africa,Western Africa,Conakry,11.0,-10.0,14363931,14754785.0,2024,25334307878.737,2024,1717.02318120779,2024,60.74,2023,2025-12-15T18:36:51+00:00
MAC,Macau,Asia,Eastern Asia,,22.16666666,113.55,685900,687000.0,2024,50183212761.3484,2024,73046.8890267079,2024,83.1804878048781,2023,2025-12-15T18:36:51+00:00
ESH,Western Sahara,Africa,Northern Africa,El Aaiún,24.5,-13.0,600904,,,,,,,,,2025-12-15T18:36:51+00:00
CZE,Czechia,Europe,Central Europe,Prague,49.75,15.5,10882341,10882164.0,2024,345036675975.047,2024,31706.6234229743,2024,79.8780487804878,2023,2025-12-15T18:36:51+00:00
AUT,Austria,Europe,Central Europe,Vienna,47.33333333,13.33333333,9200931,9178482.0,2024,521642466921.745,2024,56833.1960472053,2024,81.5414634146342,2023,2025-12-15T18:36:51+00:00
KNA,Saint Kitts and Nevis,Americas,Caribbean,Basseterre,17.33333333,-62.75,51320,46843.0,2024,1066681481.48148,2024,22771.4168922033,2024,72.145,2023,2025-12-15T18:36:51+00:00
LCA,Saint Lucia,Americas,Caribbean,Castries,13.88333333,-60.96666666,184100,179744.0,2024,2549062962.96296,2024,14181.6303351598,2024,72.697,2023,2025-12-15T18:36:51+00:00
YEM,Yemen,Asia,Western Asia,Sana'a,15.0,48.0,32684503,40583164.0,2024,21606160663.0131,2018,633.887202450998,2018,69.295,2023,2025-12-15T18:36:51+00:00
RWA,Rwanda,Africa,Eastern Africa,Kigali,-2.0,30.0,14104969,14256567.0,2024,14251642231.4932,2024,999.654561402699,2024,67.785,2023,2025-12-15T18:36:51+00:00
MCO,Monaco,Europe,Western Europe,Monaco,43.73333333,7.4,38423,38631.0,2024,9995350547.12166,2023,256580.515122745,2023,86.372,2023,2025-12-15T18:36:51+00:00
STP,São Tomé and Príncipe,Africa,Middle Africa,São Tomé,1.0,7.0,209607,235536.0,2024,764274042.735043,2024,3244.82899741459,2024,69.718,2023,2025-12-15T18:36:51+00:00
COG,Republic of the Congo,Africa,Middle Africa,Brazzaville,-1.0,15.0,6142180,6332961.0,2024,15719985776.3966,2024,2482.24894743495,2024,65.772,2023,2025-12-15T18:36:51+00:00
PRY,Paraguay,Americas,South America,Asunción,-23.0,-58.0,6109644,6929153.0,2024,44458118399.6669,2024,6416.09709002917,2024,73.844,2023,2025-12-15T18:36:51+00:00
BVT,Bouvet Island,Antarctic,,,-54.4208,3.3464,0,,,,,,,,,2025-12-15T18:36:51+00:00
MOZ,Mozambique,Africa,Eastern Africa,Maputo,-18.25,35.0,34090466,34631766.0,2024,22416650343.4786,2024,647.28579950207,2024,63.611,2023,2025-12-15T18:36:51+00:00
FRA,France,Europe,Western Europe,Paris,46.0,2.0,66351959,68516699.0,2024,3162079073495.78,2024,46150.4876861593,2024,82.9292682926829,2023,2025-12-15T18:36:51+00:00
SWZ,Eswatini,Africa,Southern Africa,Mbabane,-26.5,31.5,1235549,1242822.0,2024,4891883720.15742,2024,3936.10969242371,2024,64.123,2023,2025-12-15T18:36:51+00:00
BRB,Barbados,Americas,Caribbean,Bridgetown,13.16666666,-59.53333333,267800,282467.0,2024,7165000000.0,2024,25365.7949424181,2024,76.178,2023,2025-12-15T18:36:51+00:00
ESP,Spain,Europe,Southern Europe,Madrid,40.0,-4.0,49315949,48807137.0,2024,1722745978335.16,2024,35297.0094995565,2024,83.8829268292683,2023,2025-12-15T18:36:51+00:00
THA,Thailand,Asia,South-Eastern Asia,Bangkok,15.0,100.0,65859640,71668011.0,2024,526411265427.683,2024,7345.13569000377,2024,76.412,2023,2025-12-15T18:36:51+00:00
GNB,Guinea-Bissau,Africa,Western Africa,Bissau,12.0,-15.0,1781308,2201352.0,2024,2119865935.24909,2024,962.983627901892,2024,64.085,2023,2025-12-15T18:36:51+00:00
AGO,Angola,Africa,Middle Africa,Luanda,-12.5,18.5,36170961,37885849.0,2024,80396942241.6233,2024,2122.08368991872,2024,64.617,2023,2025-12-15T18:36:51+00:00
IND,India,Asia,Southern Asia,New Delhi,20.0,77.0,1417492000,1450935791.0,2024,3912686168582.21,2024,2696.66389984463,2024,72.003,2023,2025-12-15T18:36:51+00:00
MTQ,Martinique,Americas,Caribbean,Fort-de-France,14.666667,-61.0,349925,,,,,,,,,2025-12-15T18:36:51+00:00
NCL,New Caledonia,Oceania,Melanesia,Nouméa,-21.5,165.5,264596,292639.0,2024,9623318718.31459,2022,33516.363085906,2022,78.766,2023,2025-12-15T18:36:51+00:00
SYC,Seychelles,Africa,Eastern Africa,Victoria,-4.58333333,55.66666666,122729,121354.0,2024,2167239562.46013,2024,17858.8226383978,2024,74.9585365853659,2023,2025-12-15T18:36:51+00:00
FLK,Falkland Islands,Americas,South America,Stanley,-51.75,-59.0,3662,,,,,,,,,2025-12-15T18:36:51+00:00
GBR,United Kingdom,Europe,Northern Europe,London,54.0,-2.0,69281437,69226000.0,2024,3643834188782.91,2024,52636.7865943853,2024,81.2380975609756,2023,2025-12-15T18:36:51+00:00
FJI,Fiji,Oceania,Melanesia,Suva,-17.7134,178.065,900869,928784.0,2024,5840564072.77313,2024,6288.39867264416,2024,67.316,2023,2025-12-15T18:36:51+00:00
SMR,San Marino,Europe,Southern Europe,City of San Marino,43.76666666,12.41666666,34132,33977.0,2024,1831700577.08904,2022,54264.570495898,2022,85.706,2023,2025-12-15T18:36:51+00:00
MLI,Mali,Africa,Western Africa,Bamako,17.0,-4.0,22395489,24478595.0,2024,26588067731.1692,2024,1086.1762176779,2024,60.439,2023,2025-12-15T18:36:51+00:00
CAN,Canada,Americas,North America,Ottawa,60.0,-95.0,41651653,41288599.0,2024,2241253230970.34,2024,54282.6176051733,2024,81.6465853658537,2023,2025-12-15T18:36:51+00:00
JAM,Jamaica,Americas,Caribbean,Kingston,18.25,-77.5,2825544,2839175.0,2024,19930288337.028,2024,7019.74634780454,2024,71.479,2023,2025-12-15T18:36:51+00:00
NRU,Nauru,Oceania,Micronesia,Yaren,-0.53333333,166.91666666,11680,11947.0,2024,160350639.549467,2024,13421.8330584638,2024,62.109,2023,2025-12-15T18:36:51+00:00
IDN,Indonesia,Asia,South-Eastern Asia,Jakarta,-5.0,120.0,284438782,283487931.0,2024,1396300098190.97,2024,4925.43048751861,2024,71.146,2023,2025-12-15T18:36:51+00:00
GUM,Guam,Oceania,Micronesia,Hagåtña,13.46666666,144.78333333,153836,167777.0,2024,6910000000.0,2022,41833.1517132825,2022,77.209,2023,2025-12-15T18:36:51+00:00
CIV,Ivory Coast,Africa,Western Africa,Yamoussoukro,8.0,-5.0,31719275,31934230.0,2024,86538413923.3943,2024,2709.89511641252,2024,61.944,2023,2025-12-15T18:36:51+00:00
KWT,Kuwait,Asia,Western Asia,Kuwait City,29.5,45.75,4881254,4973861.0,2024,160227273001.348,2024,32213.8622292316,2024,83.1878048780488,2023,2025-12-15T18:36:51+00:00
PHL,Philippines,Asia,South-Eastern Asia,Manila,13.0,122.0,114123600,115843670.0,2024,461617509782.355,2024,3984.8315387656,2024,69.833,2023,2025-12-15T18:36:51+00:00
GUY,Guyana,Americas,South America,Georgetown,5.0,-59.0,772975,831087.0,2024,24835899825.8993,2024,29883.6341152001,2024,70.18,2023,2025-12-15T18:36:51+00:00
HUN,Hungary,Europe,Central Europe,Budapest,47.0,20.0,9539502,9562314.0,2024,222904723252.11,2024,23310.7512733957,2024,76.7707317073171,2023,2025-12-15T18:36:51+00:00
MEX,Mexico,Americas,North America,Mexico City,23.0,-102.0,130575786,130861007.0,2024,1852722885258.11,2024,14157.9445835849,2024,75.069,2023,2025-12-15T18:36:51+00:00
PRK,North Korea,Asia,Eastern Asia,Pyongyang,40.0,127.0,25950000,26498823.0,2024,,,,,73.642,2023,2025-12-15T18:36:51+00:00
ROU,Romania,Europe,Southeast Europe,Bucharest,46.0,25.0,19036031,19069340.0,2024,382767571329.158,2024,20072.4079244042,2024,76.6073170731707,2023,2025-12-15T18:36:51+00:00
SUR,Suriname,Americas,South America,Paramaribo,4.0,-56.0,616500,634431.0,2024,4714267822.2233,2024,7430.70219176443,2024,73.631,2023,2025-12-15T18:36:51+00:00
ASM,American Samoa,Oceania,Polynesia,Pago Pago,-14.33333333,-170.0,49710,46765.0,2024,871000000.0,2022,18017.4589383973,2022,72.852,2023,2025-12-15T18:36:51+00:00
NPL,Nepal,Asia,Southern Asia,Kathmandu,28.0,84.0,29911840,29651054.0,2024,42914268286.7109,2024,1447.31004458428,2024,70.354,2023,2025-12-15T18:36:51+00:00
TCD,Chad,Africa,Middle Africa,N'Djamena,15.0,19.0,19340757,20299123.0,2024,20625711664.6472,2024,1016.08880662712,2024,55.069,2023,2025-12-15T18:36:51+00:00
SRB,Serbia,Europe,Southeast Europe,Belgrade,44.0,21.0,6567783,6587202.0,2024,89083506277.2344,2024,13523.7246826854,2024,76.2209756097561,2023,2025-12-15T18:36:51+00:00
KHM,Cambodia,Asia,South-Eastern Asia,Phnom Penh,13.0,105.0,17577760,17638801.0,2024,46352647034.7775,2024,2627.8796974226,2024,70.668,2023,2025-12-15T18:36:51+00:00
MYS,Malaysia,Asia,South-Eastern Asia,Kuala Lumpur,2.5,112.5,34231700,35557673.0,2024,421972102253.57,2024,11867.2586435443,2024,76.657,2023,2025-12-15T18:36:51+00:00
CYP,Cyprus,Europe,Southern Europe,Nicosia,35.0,33.0,1442614,1358282.0,2024,36333022329.4981,2024,38654.16796875,2024,81.648,2023,2025-12-15T18:36:51+00:00
